QUEST_NAME,QUESTLINE,PREREQUISITE_QUEST,LOCATIONS
Unbound,Main Quest,none,Helgen
Before the Storm,Main Quest,Unbound,Riverwood.Whiterun
Bleak Falls Barrow,Main Quest,Before the Storm,Riverwood.Bleak Falls Barrow.Dragonsreach
Dragon Rising,Main Quest,Bleak Falls Barrow,Dragonsreach.Western Watchtower
The Way of the Voice,Main Quest,Dragon Rising,Ivarstead.High Hrothgar
The Horn of Jurgen Windcaller,Main Quest,The Way of the Voice,High Hrothgar.Ustengrav.Riverwood
A Blade in the Dark,Main Quest,The Horn of Jurgen Windcaller,Riverwood.Kynesgrove
Diplomatic Immunity,Main Quest,A Blade in the Dark,Riverwood.Solitude.Thalmor Embassy
Find the Thalmor Assassin,Main Quest,Diplomatic Immunity,Windhelm
A Cornered Rat,Main Quest,Diplomatic Immunity,Riften
Alduin's Wall,Main Quest,A Cornered Rat,Riften.Riverwood.Sky Haven Temple
The Throat of the World,Main Quest,Alduin's Wall,High Hrothgar.Throat of the World
The White Phial,Side Quest,none,Windhelm.Forsaken Cave
Repairing the Phial,Side Quest,The White Phial.The Throat of the World,Windhelm.Throat of the World.Stonehill Bluff
Elder Knowledge,Main Quest,The Throat of the World,Throat of the World.Sky Haven Temple.High Hrothgar.Septimus Signus's Outpost.Alftand.Blackreach.Tower of Mzark
Alduin's Bane,Main Quest,Elder Knowledge,Throat of the World
The Fallen,Main Quest,Alduin's Bane,Throat of the World.High Hrothgar.Sky Haven Temple.Dragonsreach
Season Unending,Main Quest,Alduin's Bane,Solitude.Windhelm.High Hrothgar
Paarthurnax,Main Quest,The Fallen,Sky Haven Temple.Throat of the World
The World-Eater's Eyrie,Main Quest,The Fallen,Skuldafn
Sovngarde,Main Quest,The World-Eater's Eyrie,Sovngarde
Dragonslayer,Main Quest,Sovngarde,Hall of Valor.Sovngarde
First Lessons,College of Winterhold,none,College of Winterhold
Under Saarthal,College of Winterhold,First Lessons,Saarthal.College of Winterhold
Forbidden Legend,College of Winterhold,Under Saarthal,Folgunthur.Saarthal.Geirmund's Hall.Reachwater Rock
Hitting the Books,College of Winterhold,Under Saarthal,Fellglow Keep
Good Intentions,College of Winterhold,Hitting the Books,College of Winterhold
Revealing the Unseen,College of Winterhold,Good Intentions,College of Winterhold.Mzulft
Containment,College of Winterhold,Revealing the Unseen,Winterhold
The Staff of Magnus,College of Winterhold,Containment,Labyrinthian
The Eye of Magnus,College of Winterhold,The Staff of Magnus,College of Winterhold
Aftershock,College of Winterhold,The Eye of Magnus,College of Winterhold
Aftershock (Radiant 1/27),College of Winterhold,Aftershock,Aftershock Radiant Location 1
Aftershock (Radiant 2/27),College of Winterhold,Aftershock,Aftershock Radiant Location 2
Aftershock (Radiant 3/27),College of Winterhold,Aftershock,Aftershock Radiant Location 3
Aftershock (Radiant 4/27),College of Winterhold,Aftershock,Aftershock Radiant Location 4
Aftershock (Radiant 5/27),College of Winterhold,Aftershock,Aftershock Radiant Location 5
Aftershock (Radiant 6/27),College of Winterhold,Aftershock,Aftershock Radiant Location 6
Aftershock (Radiant 7/27),College of Winterhold,Aftershock,Aftershock Radiant Location 7
Aftershock (Radiant 8/27),College of Winterhold,Aftershock,Aftershock Radiant Location 8
Aftershock (Radiant 9/27),College of Winterhold,Aftershock,Aftershock Radiant Location 9
Aftershock (Radiant 10/27),College of Winterhold,Aftershock,Aftershock Radiant Location 10
Aftershock (Radiant 11/27),College of Winterhold,Aftershock,Aftershock Radiant Location 11
Aftershock (Radiant 12/27),College of Winterhold,Aftershock,Aftershock Radiant Location 12
Aftershock (Radiant 13/27),College of Winterhold,Aftershock,Aftershock Radiant Location 13
Aftershock (Radiant 14/27),College of Winterhold,Aftershock,Aftershock Radiant Location 14
Aftershock (Radiant 15/27),College of Winterhold,Aftershock,Aftershock Radiant Location 15
Aftershock (Radiant 16/27),College of Winterhold,Aftershock,Aftershock Radiant Location 16
Aftershock (Radiant 17/27),College of Winterhold,Aftershock,Aftershock Radiant Location 17
Aftershock (Radiant 18/27),College of Winterhold,Aftershock,Aftershock Radiant Location 18
Aftershock (Radiant 19/27),College of Winterhold,Aftershock,Aftershock Radiant Location 19
Aftershock (Radiant 20/27),College of Winterhold,Aftershock,Aftershock Radiant Location 20
Aftershock (Radiant 21/27),College of Winterhold,Aftershock,Aftershock Radiant Location 21
Aftershock (Radiant 22/27),College of Winterhold,Aftershock,Aftershock Radiant Location 22
Aftershock (Radiant 23/27),College of Winterhold,Aftershock,Aftershock Radiant Location 23
Aftershock (Radiant 24/27),College of Winterhold,Aftershock,Aftershock Radiant Location 24
Aftershock (Radiant 25/27),College of Winterhold,Aftershock,Aftershock Radiant Location 25
Aftershock (Radiant 26/27),College of Winterhold,Aftershock,Aftershock Radiant Location 26
Aftershock (Radiant 27/27),College of Winterhold,Aftershock,Aftershock Radiant Location 27
Arniel's Endeavor Part 1,Side Quest,Hitting the Books,College of Winterhold
Arniel's Endeavor Part 2,Side Quest,Arniel's Endeavor Part 1,College of Winterhold
Arniel's Endeavor Part 2 (Radiant 1/17),Side Quest,Arniel's Endeavor Part 2,Ansilvund
Arniel's Endeavor Part 2 (Radiant 2/17),Side Quest,Arniel's Endeavor Part 2,Cragwallow Slope
Arniel's Endeavor Part 2 (Radiant 3/17),Side Quest,Arniel's Endeavor Part 2,Morvunskar
Arniel's Endeavor Part 2 (Radiant 4/17),Side Quest,Arniel's Endeavor Part 2,North Brittleshin Pass.South Brittleshin Pass
Arniel's Endeavor Part 2 (Radiant 5/17),Side Quest,Arniel's Endeavor Part 2,Falkreath Watchtower
Arniel's Endeavor Part 2 (Radiant 6/17),Side Quest,Arniel's Endeavor Part 2,Ilinalta's Deep
Arniel's Endeavor Part 2 (Radiant 7/17),Side Quest,Arniel's Endeavor Part 2,Southfringe Sanctum
Arniel's Endeavor Part 2 (Radiant 8/17),Side Quest,Arniel's Endeavor Part 2,Sunderstone Gorge
Arniel's Endeavor Part 2 (Radiant 9/17),Side Quest,Arniel's Endeavor Part 2,Northwatch Keep
Arniel's Endeavor Part 2 (Radiant 10/17),Side Quest,Arniel's Endeavor Part 2,Wolfskull Cave
Arniel's Endeavor Part 2 (Radiant 11/17),Side Quest,Arniel's Endeavor Part 2,Harmugstahl
Arniel's Endeavor Part 2 (Radiant 12/17),Side Quest,Arniel's Endeavor Part 2,Boulderfall Cave
Arniel's Endeavor Part 2 (Radiant 13/17),Side Quest,Arniel's Endeavor Part 2,Darklight Tower
Arniel's Endeavor Part 2 (Radiant 14/17),Side Quest,Arniel's Endeavor Part 2,Fellglow Keep
Arniel's Endeavor Part 2 (Radiant 15/17),Side Quest,Arniel's Endeavor Part 2,Rannveig's Fast
Arniel's Endeavor Part 2 (Radiant 16/17),Side Quest,Arniel's Endeavor Part 2,Hob's Fall Cave
Arniel's Endeavor Part 2 (Radiant 17/17),Side Quest,Arniel's Endeavor Part 2,Yngvild
Arniel's Endeavor Part 3,Side Quest,Arniel's Endeavor Part 2.The Eye of Magnus,College of Winterhold
Arniel's Endeavor Part 3 (Radiant 1/15),Side Quest,Arniel's Endeavor Part 3,Druadach Redoubt.Deep Folk Crossing
Arniel's Endeavor Part 3 (Radiant 2/15),Side Quest,Arniel's Endeavor Part 3,Druadach Redoubt.Dwarven Storeroom
Arniel's Endeavor Part 3 (Radiant 3/15),Side Quest,Arniel's Endeavor Part 3,Druadach Redoubt.Mzulft
Arniel's Endeavor Part 3 (Radiant 4/15),Side Quest,Arniel's Endeavor Part 3,Druadach Redoubt.Ruins of Bthalft
Arniel's Endeavor Part 3 (Radiant 5/15),Side Quest,Arniel's Endeavor Part 3,Druadach Redoubt.Shor's Stone
Arniel's Endeavor Part 3 (Radiant 6/15),Side Quest,Arniel's Endeavor Part 3,Deep Folk Crossing.Dwarven Storeroom
Arniel's Endeavor Part 3 (Radiant 7/15),Side Quest,Arniel's Endeavor Part 3,Deep Folk Crossing.Mzulft
Arniel's Endeavor Part 3 (Radiant 8/15),Side Quest,Arniel's Endeavor Part 3,Deep Folk Crossing.Ruins of Bthalft
Arniel's Endeavor Part 3 (Radiant 9/15),Side Quest,Arniel's Endeavor Part 3,Deep Folk Crossing.Shor's Stone
Arniel's Endeavor Part 3 (Radiant 10/15),Side Quest,Arniel's Endeavor Part 3,Dwarven Storeroom.Mzulft
Arniel's Endeavor Part 3 (Radiant 11/15),Side Quest,Arniel's Endeavor Part 3,Dwarven Storeroom.Ruins of Bthalft
Arniel's Endeavor Part 3 (Radiant 12/15),Side Quest,Arniel's Endeavor Part 3,Dwarven Storeroom.Shor's Stone
Arniel's Endeavor Part 3 (Radiant 13/15),Side Quest,Arniel's Endeavor Part 3,Mzulft.Shor's Stone
Arniel's Endeavor Part 3 (Radiant 14/15),Side Quest,Arniel's Endeavor Part 3,Mzulft.Ruins of Bthalft
Arniel's Endeavor Part 3 (Radiant 15/15),Side Quest,Arniel's Endeavor Part 3,Ruins of Bthalft.Shor's Stone
Arniel's Endeavor Part 4,Side Quest,Arniel's Endeavor Part 3,College of Winterhold
Arniel's Endeavor Part 4 (Radiant 1/17),Side Quest,Arniel's Endeavor Part 4,Cragslane Cavern
Arniel's Endeavor Part 4 (Radiant 2/17),Side Quest,Arniel's Endeavor Part 4,Cragwallow Slope
Arniel's Endeavor Part 4 (Radiant 3/17),Side Quest,Arniel's Endeavor Part 4,Cronvangr Cave
Arniel's Endeavor Part 4 (Radiant 4/17),Side Quest,Arniel's Endeavor Part 4,Gallows Rock
Arniel's Endeavor Part 4 (Radiant 5/17),Side Quest,Arniel's Endeavor Part 4,Lost Knife Hideout
Arniel's Endeavor Part 4 (Radiant 6/17),Side Quest,Arniel's Endeavor Part 4,Mara's Eye Pond
Arniel's Endeavor Part 4 (Radiant 7/17),Side Quest,Arniel's Endeavor Part 4,Mistwatch
Arniel's Endeavor Part 4 (Radiant 8/17),Side Quest,Arniel's Endeavor Part 4,Morvunskar
Arniel's Endeavor Part 4 (Radiant 9/17),Side Quest,Arniel's Endeavor Part 4,Uttering Hills Cave
Arniel's Endeavor Part 4 (Radiant 10/17),Side Quest,Arniel's Endeavor Part 4,Autumnshade Clearing
Arniel's Endeavor Part 4 (Radiant 11/17),Side Quest,Arniel's Endeavor Part 4,Broken Helm Hollow
Arniel's Endeavor Part 4 (Radiant 12/17),Side Quest,Arniel's Endeavor Part 4,Darklight Tower
Arniel's Endeavor Part 4 (Radiant 13/17),Side Quest,Arniel's Endeavor Part 4,Darkwater Pass
Arniel's Endeavor Part 4 (Radiant 14/17),Side Quest,Arniel's Endeavor Part 4,Faldar's Tooth
Arniel's Endeavor Part 4 (Radiant 15/17),Side Quest,Arniel's Endeavor Part 4,Pinepeak Cavern
Arniel's Endeavor Part 4 (Radiant 16/17),Side Quest,Arniel's Endeavor Part 4,Tolvald's Cave
Arniel's Endeavor Part 4 (Radiant 17/17),Side Quest,Arniel's Endeavor Part 4,Treva's Watch
Onmund's Request,Side Quest,Under Saarthal,College of Winterhold
Onmund's Request (Radiant 1/23),Side Quest,Onmund's Request,Ansilvund
Onmund's Request (Radiant 2/23),Side Quest,Onmund's Request,Cragwallow Slope
Onmund's Request (Radiant 3/23),Side Quest,Onmund's Request,Mara's Eye Pond
Onmund's Request (Radiant 4/23),Side Quest,Onmund's Request,Morvunskar
Onmund's Request (Radiant 5/23),Side Quest,Onmund's Request,Bloodlet Throne
Onmund's Request (Radiant 6/23),Side Quest,Onmund's Request,North Brittleshin Pass.South Brittleshin Pass
Onmund's Request (Radiant 7/23),Side Quest,Onmund's Request,Falkreath Watchtower
Onmund's Request (Radiant 8/23),Side Quest,Onmund's Request,Haemar's Shame
Onmund's Request (Radiant 9/23),Side Quest,Onmund's Request,Ilinalta's Deep
Onmund's Request (Radiant 10/23),Side Quest,Onmund's Request,North Shriekwind Bastion.South Shriekwind Bastion
Onmund's Request (Radiant 11/23),Side Quest,Onmund's Request,Southfringe Sanctum
Onmund's Request (Radiant 12/23),Side Quest,Onmund's Request,Sunderstone Gorge
Onmund's Request (Radiant 13/23),Side Quest,Onmund's Request,Northwatch Keep
Onmund's Request (Radiant 14/23),Side Quest,Onmund's Request,Pinemoon Cave
Onmund's Request (Radiant 15/23),Side Quest,Onmund's Request,Potema's Catacombs
Onmund's Request (Radiant 16/23),Side Quest,Onmund's Request,Wolfskull Cave
Onmund's Request (Radiant 17/23),Side Quest,Onmund's Request,Movarth's Lair
Onmund's Request (Radiant 18/23),Side Quest,Onmund's Request,Harmugstahl
Onmund's Request (Radiant 19/23),Side Quest,Onmund's Request,Boulderfall Cave
Onmund's Request (Radiant 20/23),Side Quest,Onmund's Request,Broken Fang Cave
Onmund's Request (Radiant 21/23),Side Quest,Onmund's Request,Fellglow Keep
Onmund's Request (Radiant 22/23),Side Quest,Onmund's Request,Hob's Fall Cave
Onmund's Request (Radiant 23/23),Side Quest,Onmund's Request,Yngvild
Alteration Ritual Spell,Side Quest,Good Intentions,College of Winterhold
Alteration Ritual Spell (Radiant 1/6),Side Quest,Alteration Ritual Spell,Forelhost
Alteration Ritual Spell (Radiant 2/6),Side Quest,Alteration Ritual Spell,High Gate Ruins
Alteration Ritual Spell (Radiant 3/6),Side Quest,Alteration Ritual Spell,Lost Valkygg
Alteration Ritual Spell (Radiant 4/6),Side Quest,Alteration Ritual Spell,Ragnvald
Alteration Ritual Spell (Radiant 5/6),Side Quest,Alteration Ritual Spell,Valthume
Alteration Ritual Spell (Radiant 6/6),Side Quest,Alteration Ritual Spell,Volskygge
Destruction Ritual Spell,Side Quest,Good Intentions,College of Winterhold.Windward Ruins.North Skybound Watch.Four Skull Lookout
Innocence Lost,Dark Brotherhood,none,Windhelm.Riften
With Friends Like These,Dark Brotherhood,Innocence Lost,Abandoned Shack.Dark Brotherhood Sanctuary
Destroy the Dark Brotherhood!,Dark Brotherhood,With Friends Like These,Abandoned Shack.Dragon Bridge.Dark Brotherhood Sanctuary
Sanctuary,Dark Brotherhood,With Friends Like These,Dark Brotherhood Sanctuary
Kill Narfi,Dark Brotherhood,Sanctuary,Dark Brotherhood Sanctuary.Ivarstead
Kill Beitild,Dark Brotherhood,Sanctuary,Dark Brotherhood Sanctuary.Dawnstar
Kill Ennodius Papius,Dark Brotherhood,Sanctuary,Dark Brotherhood Sanctuary.Anga's Mill
Mourning Never Comes,Dark Brotherhood,Sanctuary,Dark Brotherhood Sanctuary.Markarth.Windhelm.Raldbthar
Whispers in the Dark,Dark Brotherhood,Mourning Never Comes,Dark Brotherhood Sanctuary
Kill Hern,Dark Brotherhood,Whispers in the Dark,Dark Brotherhood Sanctuary.Half-Moon Mill
Kill Lurbuk,Dark Brotherhood,Whispers in the Dark,Dark Brotherhood Sanctuary.Morthal
The Silence Has Been Broken,Dark Brotherhood,Whispers in the Dark,Dark Brotherhood Sanctuary.Volunruud
Bound Until Death,Dark Brotherhood,The Silence Has Been Broken,Dark Brotherhood Sanctuary.Solitude
Kill Deekus,Side Quest,Bound Until Death,Dark Brotherhood Sanctuary.Hela's Folly
Kill Ma'randru-jo,Side Quest,Bound Until Death,Dark Brotherhood Sanctuary
Kill Anoriath,Side Quest,Bound Until Death,Dark Brotherhood Sanctuary.Whiterun
Kill Agnis,Side Quest,Bound Until Death,Dark Brotherhood Sanctuary.Fort Greymoor
Kill Maluril,Side Quest,Kill Agnis,Dark Brotherhood Sanctuary.Mzinchaleft
Kill Helvard,Side Quest,Kill Agnis,Dark Brotherhood Sanctuary.Falkreath
Kill Safia,Side Quest,Kill Agnis,Dark Brotherhood Sanctuary.East Empire Company Warehouse
Breaching Security,Dark Brotherhood,Bound Until Death,Dark Brotherhood Sanctuary.Dragon Bridge
Locate the Assassin of Old,Dark Brotherhood,Breaching Security,Whiterun.Deepwood Redoubt.Hag's End
The Cure for Madness,Dark Brotherhood,Breaching Security,Dark Brotherhood Sanctuary.Dawnstar Sanctuary
Recipe for Disaster,Dark Brotherhood,The Cure for Madness,Dark Brotherhood Sanctuary.Markarth.Nightgate Inn
To Kill an Empire,Dark Brotherhood,Recipe for Disaster,Dark Brotherhood Sanctuary.Solitude
Death Incarnate,Dark Brotherhood,To Kill an Empire,Dark Brotherhood Sanctuary
Hail Sithis!,Dark Brotherhood,Death Incarnate,Whiterun.Solitude.The Katariah.Dawnstar Sanctuary
Where You Hang Your Enemy's Head,Dark Brotherhood,Hail Sithis!,Dawnstar Sanctuary.Riften
Take Up Arms,Companions,none,Whiterun.Pelagia Farm
Proving Honor,Companions,Take Up Arms,Whiterun.Dustman's Cairn
The Silver Hand,Companions,Proving Honor,Whiterun.Gallows Rock
Striking the Heart,Companions,The Silver Hand,Whiterun
Striking the Heart (Radiant 1/10),Companions,Striking the Heart,Cragslane Cavern
Striking the Heart (Radiant 2/10),Companions,Striking the Heart,Gallows Rock
Striking the Heart (Radiant 3/10),Companions,Striking the Heart,Lost Knife Hideout
Striking the Heart (Radiant 4/10),Companions,Striking the Heart,Orotheim
Striking the Heart (Radiant 5/10),Companions,Striking the Heart,Broken Helm Hollow
Striking the Heart (Radiant 6/10),Companions,Striking the Heart,Faldar's Tooth
Striking the Heart (Radiant 7/10),Companions,Striking the Heart,Treva's Watch
Striking the Heart (Radiant 8/10),Companions,Striking the Heart,Redoran's Retreat
Striking the Heart (Radiant 9/10),Companions,Striking the Heart,Valtheim Towers
Striking the Heart (Radiant 10/10),Companions,Striking the Heart,Fort Fellhammer
Retrieval,Companions,The Silver Hand,Whiterun
Retrieval (Radiant 1/11),Companions,Retrieval,Cragslane Cavern
Retrieval (Radiant 2/11),Companions,Retrieval,Gallows Rock
Retrieval (Radiant 3/11),Companions,Retrieval,Lost Knife Hideout
Retrieval (Radiant 4/11),Companions,Retrieval,Orotheim
Retrieval (Radiant 5/11),Companions,Retrieval,Broken Helm Hollow
Retrieval (Radiant 6/11),Companions,Retrieval,Faldar's Tooth
Retrieval (Radiant 7/11),Companions,Retrieval,Treva's Watch
Retrieval (Radiant 8/11),Companions,Retrieval,Redoran's Retreat
Retrieval (Radiant 9/11),Companions,Retrieval,Valtheim Towers
Retrieval (Radiant 10/11),Companions,Retrieval,Fort Fellhammer
Retrieval (Radiant 11/11),Companions,Retrieval,Swindler's Den
Stealing Plans,Companions,The Silver Hand,Whiterun
Stealing Plans (Radiant 1/11),Companions,Stealing Plans,Cragslane Cavern
Stealing Plans (Radiant 2/11),Companions,Stealing Plans,Gallows Rock
Stealing Plans (Radiant 3/11),Companions,Stealing Plans,Lost Knife Hideout
Stealing Plans (Radiant 4/11),Companions,Stealing Plans,Orotheim
Stealing Plans (Radiant 5/11),Companions,Stealing Plans,Broken Helm Hollow
Stealing Plans (Radiant 6/11),Companions,Stealing Plans,Faldar's Tooth
Stealing Plans (Radiant 7/11),Companions,Stealing Plans,Treva's Watch
Stealing Plans (Radiant 8/11),Companions,Stealing Plans,Redoran's Retreat
Stealing Plans (Radiant 9/11),Companions,Stealing Plans,Valtheim Towers
Stealing Plans (Radiant 10/11),Companions,Stealing Plans,Fort Fellhammer
Stealing Plans (Radiant 11/11),Companions,Stealing Plans,Swindler's Den
Blood's Honor,Companions,The Silver Hand,Whiterun.Glenmoril Coven
Purity of Revenge,Companions,Blood's Honor,Whiterun.Driftshade Refuge
Glory of the Dead,Companions,Purity of Revenge,Whiterun.Ysgramor's Tomb
Purity,Companions,Glory of the Dead,Whiterun.Ysgramor's Tomb
Dragon Seekers,Companions,Glory of the Dead.Dragon Rising,Whiterun
Dragon Seekers (Radiant 1/10),Companions,Dragon Seekers,Bonestrewn Crest
Dragon Seekers (Radiant 2/10),Companions,Dragon Seekers,Ancient's Ascent
Dragon Seekers (Radiant 3/10),Companions,Dragon Seekers,Eldersblood Peak
Dragon Seekers (Radiant 4/10),Companions,Dragon Seekers,Skyborn Altar
Dragon Seekers (Radiant 5/10),Companions,Dragon Seekers,Shearpoint
Dragon Seekers (Radiant 6/10),Companions,Dragon Seekers,Dragontooth Crater
Dragon Seekers (Radiant 7/10),Companions,Dragon Seekers,Autumnwatch Tower
Dragon Seekers (Radiant 8/10),Companions,Dragon Seekers,Lost Tongue Overlook
Dragon Seekers (Radiant 9/10),Companions,Dragon Seekers,Northwind Summit
Dragon Seekers (Radiant 10/10),Companions,Dragon Seekers,Mount Anthor
Joining the Legion,Imperial Legion,none,Fort Hraggstad.Solitude
The Jagged Crown (Imperial),Imperial Legion,Joining the Legion,Solitude.Korvanjund
Message to Whiterun (Imperial),Imperial Legion,The Jagged Crown (Imperial),Solitude.Whiterun.Windhelm
Battle for Whiterun (Imperial),Imperial Legion,Message to Whiterun (Imperial),Whiterun
A False Front (Imperial),Imperial Legion,Battle for Whiterun (Imperial),Pale Imperial Camp.Nightgate Inn.Windhelm.Dawnstar
The Battle for Fort Dunstad (Imperial),Imperial Legion,A False Front (Imperial),Pale Imperial Camp.Fort Dunstad.Solitude
Compelling Tribute (Imperial),Imperial Legion,The Battle for Fort Dunstad (Imperial),Rift Imperial Camp.Mistveil Keep
The Battle for Fort Greenwall (Imperial),Imperial Legion,Compelling Tribute (Imperial),Rift Imperial Camp.Fort Greenwall
Rescue from Fort Kastav (Imperial),Imperial Legion,The Battle for Fort Greenwall (Imperial),Winterhold Imperial Camp.Fort Kastav
The Battle for Fort Snowhawk (Imperial),Imperial Legion,Rescue from Fort Kastav (Imperial),Hjaalmarch Imperial Camp.Fort Snowhawk
The Battle for Fort Sungard (Imperial),Imperial Legion,The Battle for Fort Snowhawk (Imperial),Reach Imperial Camp.Fort Sungard
The Battle for Fort Neugrad (Imperial),Imperial Legion,The Battle for Fort Sungard (Imperial),Falkreath Imperial Camp.Fort Neugrad
The Battle for Fort Amol (Imperial),Imperial Legion,The Battle for Fort Neugrad (Imperial),Eastmarch Imperial Camp.Fort Amol
Battle for Windhelm,Imperial Legion,The Battle for Fort Amol (Imperial),Eastmarch Imperial Camp.Windhelm
Joining the Stormcloaks,Stormcloaks,none,Windhelm.The Serpent Stone
The Jagged Crown (Stormcloaks),Stormcloaks,Joining the Stormcloaks,Windhelm.Korvanjund
Message to Whiterun (Stormcloaks),Stormcloaks,The Jagged Crown (Stormcloaks),Whiterun.Windhelm
Battle for Whiterun (Stormcloaks),Stormcloaks,Message to Whiterun (Stormcloaks),Windhelm.Whiterun
Rescue from Fort Neugrad (Stormcloaks),Stormcloaks,Battle for Whiterun (Stormcloaks),Falkreath Stormcloak Camp.Fort Neugrad
Compelling Tribute (Stormcloaks),Stormcloaks,Rescue from Fort Neugrad (Stormcloaks),Markarth.Reach Stormcloak Camp
The Battle for Fort Sungard (Stormcloaks),Stormcloaks,Compelling Tribute (Stormcloaks),Fort Sungard
A False Front (Stormcloaks),Stormcloaks,The Battle for Fort Sungard (Stormcloaks),Rorikstead.Morthal.Dragon Bridge
The Battle for Fort Snowhawk (Stormcloaks),Stormcloaks,A False Front (Stormcloaks),Hjaalmarch Stormcloak Camp.Fort Snowhawk
The Battle for Fort Hraggstad (Stormcloaks),Stormcloaks,The Battle for Fort Snowhawk (Stormcloaks),Fort Hraggstad.Haafingar Stormcloak Camp
Battle for Solitude (Stormcloaks),Stormcloaks,The Battle for Fort Hraggstad (Stormcloaks),Solitude
Battle for Fort Dunstad (Stormcloaks),Stormcloaks,The Battle for Fort Snowhawk (Stormcloaks),Pale Stormcloak Camp.Fort Dunstad
The Battle for Fort Greenwall (Stormcloaks),Stormcloaks,Battle for Fort Dunstad (Stormcloaks),Rift Stormcloak Camp.Fort Greenwall
The Battle for Fort Kastav (Stormcloaks),Stormcloaks,The Battle for Fort Greenwall (Stormcloaks),Winterhold Stormcloak Camp.Fort Kastav
A Chance Arrangement,Thieves Guild,none,Riften
Taking Care of Business,Thieves Guild,A Chance Arrangement,Riften.Thieves Guild
Loud and Clear,Thieves Guild,Taking Care of Business,Thieves Guild.Goldenglow Estate
Dampened Spirits,Thieves Guild,Loud and Clear,Thieves Guild.Whiterun.Honningbrew Meadery
Scoundrel's Folly,Thieves Guild,Dampened Spirits,Thieves Guild.East Empire Company Warehouse.Solitude
Speaking With Silence,Thieves Guild,Scoundrel's Folly,Snow Veil Sanctum
Hard Answers,Thieves Guild,Speaking With Silence,Understone Keep
The Pursuit,Thieves Guild,Hard Answers,Riften
Trinity Restored,Thieves Guild,The Pursuit,Nightingale Hall
Blindsighted,Thieves Guild,Trinity Restored,Irkngthand
Darkness Returns,Thieves Guild,Blindsighted,Twilight Sepulcher
Under New Management,Thieves Guild,Darkness Returns.Imitation Amnesty.Silver Lining.Summerset Shadows.The Dainty Sload,Thieves Guild
Delvin's Jobs,Thieves Guild,Taking Care of Business,Thieves Guild
Delvin's Jobs (Radiant 1/5),Thieves Guild,Delvin's Jobs,Markarth
Delvin's Jobs (Radiant 2/5),Thieves Guild,Delvin's Jobs,Riften
Delvin's Jobs (Radiant 3/5),Thieves Guild,Delvin's Jobs,Solitude
Delvin's Jobs (Radiant 4/5),Thieves Guild,Delvin's Jobs,Whiterun
Delvin's Jobs (Radiant 5/5),Thieves Guild,Delvin's Jobs,Windhelm
Imitation Amnesty,Thieves Guild,Delvin's Jobs,Thieves Guild.Whiterun
Silver Lining,Thieves Guild,Delvin's Jobs,Thieves Guild.Markarth.Pinewatch
Summerset Shadows,Thieves Guild,Delvin's Jobs,Thieves Guild.Uttering Hills Cave
The Dainty Sload,Thieves Guild,Delvin's Jobs,Thieves Guild.Solitude.Dainty Sload
Toying With The Dead,Thieves Guild,Taking Care of Business,Thieves Guild.Yngvild
Vex's Jobs,Thieves Guild,Taking Care of Business,Thieves Guild
Vex's Jobs (Radiant 1/5),Thieves Guild,Vex's Jobs,Markarth
Vex's Jobs (Radiant 2/5),Thieves Guild,Vex's Jobs,Riften
Vex's Jobs (Radiant 3/5),Thieves Guild,Vex's Jobs,Solitude
Vex's Jobs (Radiant 4/5),Thieves Guild,Vex's Jobs,Whiterun
Vex's Jobs (Radiant 5/5),Thieves Guild,Vex's Jobs,Windhelm
The Black Star,Side Quest,none,Shrine of Azura.Ilinalta's Deep.Winterhold
Boethiah's Calling,Side Quest,none,Sacellum of Boethiah.Knifepoint Ridge
A Daedra's Best Friend,Side Quest,none,Falkreath.Haemar's Shame.Rimerock Burrow
Discerning the Transmundane,Side Quest,none,Septimus Signus's Outpost.Alftand.Blackreach.Tower of Mzark
Ill Met By Moonlight,Side Quest,none,Falkreath.Bloated Man's Grotto
The Cursed Tribe,Side Quest,none,Largashbur.Fallowstone Cave.Giant's Grove
Pieces of the Past,Side Quest,none,Dawnstar.Dead Crone Rock.Cracked Tusk Keep.Shrine of Mehrunes Dagon
The Whispering Door,Side Quest,none,Whiterun.Dragonsreach
The Break of Dawn,Side Quest,none,Statue to Meridia.Kilkreath Ruins
The House of Horrors,Side Quest,none,Markarth
The House of Horrors (Radiant 1/6),Side Quest,The House of Horrors,Broken Tower Redoubt
The House of Horrors (Radiant 2/6),Side Quest,The House of Horrors,Bruca's Leap Redoubt
The House of Horrors (Radiant 3/6),Side Quest,The House of Horrors,Deepwood Redoubt
The House of Horrors (Radiant 4/6),Side Quest,The House of Horrors,Druadach Redoubt
The House of Horrors (Radiant 5/6),Side Quest,The House of Horrors,Hag Rock Redoubt
The House of Horrors (Radiant 6/6),Side Quest,The House of Horrors,Red Eagle Redoubt
The Taste of Death,Side Quest,none,Markarth.Reachcliff Cave
The Only Cure,Side Quest,none,Shrine to Peryite.Bthardamz
A Night To Remember,Side Quest,none,Markarth.Rorikstead.Whiterun.Morvunskar
The Mind of Madness,Side Quest,none,Solitude.Blue Palace
Waking Nightmare,Side Quest,none,Dawnstar.Nightcaller Temple
The Forsworn Conspiracy,Side Quest,none,Markarth
No One Escapes Cidhna Mine,Side Quest,The Forsworn Conspiracy,Markarth
The Lost Expedition,Side Quest,none,Understone Keep
The Heart of Dibella,Side Quest,none,Markarth.Broken Tower Redoubt.Karthwasten
Laid to Rest,Side Quest,none,Morthal.Movarth's Lair
Promises to Keep,Side Quest,none,Riften.Black Briar Lodge
The Book of Love,Side Quest,none,Riften.Ivarstead.Understone Keep.Gjukar's Monument
Unfathomable Depths,Side Quest,none,Riften.Avanchnzel
Lights Out!,Side Quest,none,Solitude.Solitude Lighthouse.Wreck of the Icerunner.Broken Oar Grotto
Tending the Flames,Side Quest,none,Solitude.Dead Men's Respite.Blue Palace
Finn's Lute,Side Quest,Tending the Flames,Solitude.Stony Creek Cave
Pantea's Flute,Side Quest,Tending the Flames,Solitude.Hob's Fall Cave
Rjorn's Drum,Side Quest,Tending the Flames,Solitude.Halldir's Cairn
The Man Who Cried Wolf,Side Quest,none,Wolfskull Cave.Solitude
The Wolf Queen Awakened,Side Quest,The Man Who Cried Wolf,Solitude.Blue Palace.Potema's Catacombs
Elisif's Tribute,Side Quest,The Man Who Cried Wolf,Blue Palace.Shrine of Talos
In My Time Of Need,Side Quest,Dragon Rising,Swindler's Den.Dragonsreach.Whiterun
Missing In Action,Side Quest,none,Whiterun.Northwatch Keep
The Blessings of Nature,Side Quest,none,Whiterun.Orphan Rock.Eldergleam Sanctuary
Blood on the Ice,Side Quest,none,Windhelm
Rise in the East,Side Quest,none,Windhelm.Dawnstar.Japhet's Folly
Kyne's Sacred Trials,Side Quest,none,Froki's Shack.Broken Fang Cave.Windward Ruins.The Guardian Stones.Knifepoint Ridge.Loreius Farm.Bleakcoast Cave.Graywinter Watch
Extracting an Argonian,Side Quest,none,Darkwater Crossing.Darkwater Pass
Dark Ancestor,Side Quest,none,Falkreath.Bloodlet Throne
Kill the Vampire,Side Quest,none,Blue Palace.Pinemoon Cave
Payment Delivery,Side Quest,none,Stonehills.Solitude
For the Good of Morthal,Side Quest,none,Morthal.Solitude
Gharol's Message,Side Quest,none,Dushnikh Yal.Karthwasten
Kolskeggr Mine (quest),Side Quest,none,Left Hand Mine.Kolskeggr Mine
Rogatus's Letter,Side Quest,none,Salvius Farm.Old Hroldan Inn
Skilled Apprenticeship,Side Quest,none,Markarth.Fort Sungard
Bow to the Master,Side Quest,none,Merryfair Farm.Riften
Flight or Fight,Side Quest,none,Heartwood Mill.Broken Helm Hollow
Climb the Steps,Side Quest,none,Ivarstead.High Hrothgar
Lifting the Shroud,Side Quest,none,Ivarstead.Shroud Hearth Barrow
Pilgrimage,Side Quest,none,Riften.Whiterun
Special Delivery (Bolli),Side Quest,none,Riften.Markarth
Distant Memories,Side Quest,none,Riften.Wreck of The Pride of Tel Vos
Truth Ore Consequences,Side Quest,none,Riften.Shor's Stone
Supply and Demand,Side Quest,none,Riften.Cragslane Cavern
Grimsever's Return,Side Quest,none,Riften.Mzinchaleft
Under the Table,Side Quest,none,Riften.Ivarstead
The Lover's Requital,Side Quest,none,Riften.Ivarstead
Hunt and Gather,Side Quest,none,Mistveil Keep.Ivarstead.Windhelm.Winterhold
Special Delivery (Sylgja),Side Quest,none,Shor's Stone.Darkwater Crossing
Delivery (Adonato Leotelli),Side Quest,none,Windhelm.Solitude
Delivery (Aeri),Side Quest,none,Anga's Mill.Dawnstar
Delivery (Banning),Side Quest,none,Markarth Stables.Understone Keep
Delivery (Idgrod the Younger),Side Quest,none,Morthal.Whiterun
Delivery (Sondas Drenim),Side Quest,none,Darkwater Crossing.Windhelm
Salty Sea-Dogs,Side Quest,none,Dawnstar
Salty Sea-Dogs (Radiant 1/8),Side Quest,Salty Sea-Dogs,Brood Cavern
Salty Sea-Dogs (Radiant 2/8),Side Quest,Salty Sea-Dogs,Clearspring Tarn
Salty Sea-Dogs (Radiant 3/8),Side Quest,Salty Sea-Dogs,Forsaken Cave
Salty Sea-Dogs (Radiant 4/8),Side Quest,Salty Sea-Dogs,Harmugstahl
Salty Sea-Dogs (Radiant 5/8),Side Quest,Salty Sea-Dogs,Hillgrund's Tomb
Salty Sea-Dogs (Radiant 6/8),Side Quest,Salty Sea-Dogs,Rebel's Cairn
Salty Sea-Dogs (Radiant 7/8),Side Quest,Salty Sea-Dogs,Swindler's Den
Salty Sea-Dogs (Radiant 8/8),Side Quest,Salty Sea-Dogs,Yngvild
Harsh Master,Side Quest,none,Windhelm
Harsh Master (Radiant 1/6),Side Quest,Harsh Master,Cragslane Cavern
Harsh Master (Radiant 2/6),Side Quest,Harsh Master,Gallows Rock
Harsh Master (Radiant 3/6),Side Quest,Harsh Master,Lost Knife Hideout
Harsh Master (Radiant 4/6),Side Quest,Harsh Master,Stony Creek Cave
Harsh Master (Radiant 5/6),Side Quest,Harsh Master,Traitor's Post
Harsh Master (Radiant 6/6),Side Quest,Harsh Master,Uttering Hills Cave
The Ghost of Old Hroldan,Side Quest,none,Old Hroldan Inn
The Ghost of Old Hroldan (Radiant 1/8),Side Quest,The Ghost of Old Hroldan,Broken Tower Redoubt
The Ghost of Old Hroldan (Radiant 2/8),Side Quest,The Ghost of Old Hroldan,Bruca's Leap Redoubt
The Ghost of Old Hroldan (Radiant 3/8),Side Quest,The Ghost of Old Hroldan,Deepwood Redoubt
The Ghost of Old Hroldan (Radiant 4/8),Side Quest,The Ghost of Old Hroldan,Dragon Bridge Overlook
The Ghost of Old Hroldan (Radiant 5/8),Side Quest,The Ghost of Old Hroldan,Druadach Redoubt
The Ghost of Old Hroldan (Radiant 6/8),Side Quest,The Ghost of Old Hroldan,Hag Rock Redoubt
The Ghost of Old Hroldan (Radiant 7/8),Side Quest,The Ghost of Old Hroldan,Red Eagle Redoubt
The Ghost of Old Hroldan (Radiant 8/8),Side Quest,The Ghost of Old Hroldan,Serpent's Bluff Redoubt
Lisbet's Missing Shipment,Side Quest,none,Markarth
Lisbet's Missing Shipment (Radiant 1/8),Side Quest,Lisbet's Missing Shipment,Broken Tower Redoubt
Lisbet's Missing Shipment (Radiant 2/8),Side Quest,Lisbet's Missing Shipment,Bruca's Leap Redoubt
Lisbet's Missing Shipment (Radiant 3/8),Side Quest,Lisbet's Missing Shipment,Deepwood Redoubt
Lisbet's Missing Shipment (Radiant 4/8),Side Quest,Lisbet's Missing Shipment,Dragon Bridge Overlook
Lisbet's Missing Shipment (Radiant 5/8),Side Quest,Lisbet's Missing Shipment,Druadach Redoubt
Lisbet's Missing Shipment (Radiant 6/8),Side Quest,Lisbet's Missing Shipment,Hag Rock Redoubt
Lisbet's Missing Shipment (Radiant 7/8),Side Quest,Lisbet's Missing Shipment,Red Eagle Redoubt
Lisbet's Missing Shipment (Radiant 8/8),Side Quest,Lisbet's Missing Shipment,Serpent's Bluff Redoubt
The Forgemaster's Fingers (Dushnikh Yal),Side Quest,none,Dushnikh Yal
The Forgemaster's Fingers (Dushnikh Yal) (Radiant 1/10),Side Quest,The Forgemaster's Fingers (Dushnikh Yal),Broken Tower Redoubt
The Forgemaster's Fingers (Dushnikh Yal) (Radiant 2/10),Side Quest,The Forgemaster's Fingers (Dushnikh Yal),Bruca's Leap Redoubt
The Forgemaster's Fingers (Dushnikh Yal) (Radiant 3/10),Side Quest,The Forgemaster's Fingers (Dushnikh Yal),Deepwood Redoubt
The Forgemaster's Fingers (Dushnikh Yal) (Radiant 4/10),Side Quest,The Forgemaster's Fingers (Dushnikh Yal),Dragontooth Crater
The Forgemaster's Fingers (Dushnikh Yal) (Radiant 5/10),Side Quest,The Forgemaster's Fingers (Dushnikh Yal),Druadach Redoubt
The Forgemaster's Fingers (Dushnikh Yal) (Radiant 6/10),Side Quest,The Forgemaster's Fingers (Dushnikh Yal),Dustman's Cairn
The Forgemaster's Fingers (Dushnikh Yal) (Radiant 7/10),Side Quest,The Forgemaster's Fingers (Dushnikh Yal),Hag Rock Redoubt
The Forgemaster's Fingers (Dushnikh Yal) (Radiant 8/10),Side Quest,The Forgemaster's Fingers (Dushnikh Yal),Harmugstahl
The Forgemaster's Fingers (Dushnikh Yal) (Radiant 9/10),Side Quest,The Forgemaster's Fingers (Dushnikh Yal),Rebel's Cairn
The Forgemaster's Fingers (Dushnikh Yal) (Radiant 10/10),Side Quest,The Forgemaster's Fingers (Dushnikh Yal),Red Eagle Redoubt
The Forgemaster's Fingers (Mor Khazgur),Side Quest,none,Mor Khazgur
The Forgemaster's Fingers (Mor Khazgur) (Radiant 1/10),Side Quest,The Forgemaster's Fingers (Mor Khazgur),Broken Tower Redoubt
The Forgemaster's Fingers (Mor Khazgur) (Radiant 2/10),Side Quest,The Forgemaster's Fingers (Mor Khazgur),Bruca's Leap Redoubt
The Forgemaster's Fingers (Mor Khazgur) (Radiant 3/10),Side Quest,The Forgemaster's Fingers (Mor Khazgur),Deepwood Redoubt
The Forgemaster's Fingers (Mor Khazgur) (Radiant 4/10),Side Quest,The Forgemaster's Fingers (Mor Khazgur),Dragontooth Crater
The Forgemaster's Fingers (Mor Khazgur) (Radiant 5/10),Side Quest,The Forgemaster's Fingers (Mor Khazgur),Druadach Redoubt
The Forgemaster's Fingers (Mor Khazgur) (Radiant 6/10),Side Quest,The Forgemaster's Fingers (Mor Khazgur),Dustman's Cairn
The Forgemaster's Fingers (Mor Khazgur) (Radiant 7/10),Side Quest,The Forgemaster's Fingers (Mor Khazgur),Hag Rock Redoubt
The Forgemaster's Fingers (Mor Khazgur) (Radiant 8/10),Side Quest,The Forgemaster's Fingers (Mor Khazgur),Harmugstahl
The Forgemaster's Fingers (Mor Khazgur) (Radiant 9/10),Side Quest,The Forgemaster's Fingers (Mor Khazgur),Rebel's Cairn
The Forgemaster's Fingers (Mor Khazgur) (Radiant 10/10),Side Quest,The Forgemaster's Fingers (Mor Khazgur),Red Eagle Redoubt
The Forgemaster's Fingers (Narzulbur),Side Quest,none,Narzulbur
The Forgemaster's Fingers (Narzulbur) (Radiant 1/9),Side Quest,The Forgemaster's Fingers (Narzulbur),Ansilvund
The Forgemaster's Fingers (Narzulbur) (Radiant 2/9),Side Quest,The Forgemaster's Fingers (Narzulbur),Cragslane Cavern
The Forgemaster's Fingers (Narzulbur) (Radiant 3/9),Side Quest,The Forgemaster's Fingers (Narzulbur),Cragwallow Slope
The Forgemaster's Fingers (Narzulbur) (Radiant 4/9),Side Quest,The Forgemaster's Fingers (Narzulbur),Cronvangr Cave
The Forgemaster's Fingers (Narzulbur) (Radiant 5/9),Side Quest,The Forgemaster's Fingers (Narzulbur),Gallows Rock
The Forgemaster's Fingers (Narzulbur) (Radiant 6/9),Side Quest,The Forgemaster's Fingers (Narzulbur),Lost Knife Hideout
The Forgemaster's Fingers (Narzulbur) (Radiant 7/9),Side Quest,The Forgemaster's Fingers (Narzulbur),Morvunskar
The Forgemaster's Fingers (Narzulbur) (Radiant 8/9),Side Quest,The Forgemaster's Fingers (Narzulbur),Stony Creek Cave
The Forgemaster's Fingers (Narzulbur) (Radiant 9/9),Side Quest,The Forgemaster's Fingers (Narzulbur),Uttering Hills Cave
Dungeon Delving (Frida),Side Quest,none,Dawnstar
Dungeon Delving (Frida) (Radiant 1/3),Side Quest,Dungeon Delving (Frida),Forsaken Cave
Dungeon Delving (Frida) (Radiant 2/3),Side Quest,Dungeon Delving (Frida),Hillgrund's Tomb
Dungeon Delving (Frida) (Radiant 3/3),Side Quest,Dungeon Delving (Frida),Shrouded Grove
Dungeon Delving (Noster Eagle-Eye),Side Quest,none,Solitude
Dungeon Delving (Noster Eagle-Eye) (Radiant 1/3),Side Quest,Dungeon Delving (Noster Eagle-Eye),Broken Oar Grotto
Dungeon Delving (Noster Eagle-Eye) (Radiant 2/3),Side Quest,Dungeon Delving (Noster Eagle-Eye),Shadowgreen Cavern
Dungeon Delving (Noster Eagle-Eye) (Radiant 3/3),Side Quest,Dungeon Delving (Noster Eagle-Eye),Steepfall Burrow
Dungeon Delving (Oengul War-Anvil),Side Quest,none,Windhelm
Dungeon Delving (Oengul War-Anvil) (Radiant 1/6),Side Quest,Dungeon Delving (Oengul War-Anvil),Ansilvund
Dungeon Delving (Oengul War-Anvil) (Radiant 2/6),Side Quest,Dungeon Delving (Oengul War-Anvil),Cragwallow Slope
Dungeon Delving (Oengul War-Anvil) (Radiant 3/6),Side Quest,Dungeon Delving (Oengul War-Anvil),Cronvangr Cave
Dungeon Delving (Oengul War-Anvil) (Radiant 4/6),Side Quest,Dungeon Delving (Oengul War-Anvil),Lost Knife Hideout
Dungeon Delving (Oengul War-Anvil) (Radiant 5/6),Side Quest,Dungeon Delving (Oengul War-Anvil),Stony Creek Cave
Dungeon Delving (Oengul War-Anvil) (Radiant 6/6),Side Quest,Dungeon Delving (Oengul War-Anvil),Uttering Hills Cave
Dungeon Delving (Roggi Knot-Beard),Side Quest,none,Kynesgrove
Dungeon Delving (Roggi Knot-Beard) (Radiant 1/6),Side Quest,Dungeon Delving (Roggi Knot-Beard),Ansilvund
Dungeon Delving (Roggi Knot-Beard) (Radiant 2/6),Side Quest,Dungeon Delving (Roggi Knot-Beard),Cragwallow Slope
Dungeon Delving (Roggi Knot-Beard) (Radiant 3/6),Side Quest,Dungeon Delving (Roggi Knot-Beard),Cronvangr Cave
Dungeon Delving (Roggi Knot-Beard) (Radiant 4/6),Side Quest,Dungeon Delving (Roggi Knot-Beard),Lost Knife Hideout
Dungeon Delving (Roggi Knot-Beard) (Radiant 5/6),Side Quest,Dungeon Delving (Roggi Knot-Beard),Stony Creek Cave
Dungeon Delving (Roggi Knot-Beard) (Radiant 6/6),Side Quest,Dungeon Delving (Roggi Knot-Beard),Uttering Hills Cave
Dungeon Delving (Runil),Side Quest,none,Falkreath
Dungeon Delving (Runil) (Radiant 1/8),Side Quest,Dungeon Delving (Runil),Bloated Man's Grotto
Dungeon Delving (Runil) (Radiant 2/8),Side Quest,Dungeon Delving (Runil),North Brittleshin Pass.South Brittleshin Pass
Dungeon Delving (Runil) (Radiant 3/8),Side Quest,Dungeon Delving (Runil),Darkshade
Dungeon Delving (Runil) (Radiant 4/8),Side Quest,Dungeon Delving (Runil),Embershard Mine
Dungeon Delving (Runil) (Radiant 5/8),Side Quest,Dungeon Delving (Runil),Sunderstone Gorge
Dungeon Delving (Runil) (Radiant 6/8),Side Quest,Dungeon Delving (Runil),Halldir's Cairn
Dungeon Delving (Runil) (Radiant 7/8),Side Quest,Dungeon Delving (Runil),Moss Mother Cavern
Dungeon Delving (Runil) (Radiant 8/8),Side Quest,Dungeon Delving (Runil),Southfringe Sanctum
Dungeon Delving (Amren),Side Quest,none,Whiterun
Dungeon Delving (Amren) (Radiant 1/5),Side Quest,Dungeon Delving (Amren),Halted Stream Camp
Dungeon Delving (Amren) (Radiant 2/5),Side Quest,Dungeon Delving (Amren),Redoran's Retreat
Dungeon Delving (Amren) (Radiant 3/5),Side Quest,Dungeon Delving (Amren),Swindler's Den
Dungeon Delving (Amren) (Radiant 4/5),Side Quest,Dungeon Delving (Amren),Valtheim Towers
Dungeon Delving (Amren) (Radiant 5/5),Side Quest,Dungeon Delving (Amren),White River Watch
Dungeon Delving (Shahvee),Side Quest,none,Windhelm
Dungeon Delving (Shahvee) (Radiant 1/5),Side Quest,Dungeon Delving (Shahvee),Cragslane Cavern
Dungeon Delving (Shahvee) (Radiant 2/5),Side Quest,Dungeon Delving (Shahvee),Gallows Rock
Dungeon Delving (Shahvee) (Radiant 3/5),Side Quest,Dungeon Delving (Shahvee),Lost Knife Hideout
Dungeon Delving (Shahvee) (Radiant 4/5),Side Quest,Dungeon Delving (Shahvee),Stony Creek Cave
Dungeon Delving (Shahvee) (Radiant 5/5),Side Quest,Dungeon Delving (Shahvee),Uttering Hills Cave
Dungeon Delving (Igmund),Side Quest,none,Understone Keep
Dungeon Delving (Igmund) (Radiant 1/5),Side Quest,Dungeon Delving (Igmund),Bleakwind Bluff
Dungeon Delving (Igmund) (Radiant 2/5),Side Quest,Dungeon Delving (Igmund),Blind Cliff Cave
Dungeon Delving (Igmund) (Radiant 3/5),Side Quest,Dungeon Delving (Igmund),Dead Crone Rock
Dungeon Delving (Igmund) (Radiant 4/5),Side Quest,Dungeon Delving (Igmund),Hag's End
Dungeon Delving (Igmund) (Radiant 5/5),Side Quest,Dungeon Delving (Igmund),Lost Valley Redoubt
Dungeon Delving (Korir),Side Quest,none,Winterhold
Dungeon Delving (Korir) (Radiant 1/10),Side Quest,Dungeon Delving (Korir),Driftshade Refuge
Dungeon Delving (Korir) (Radiant 2/10),Side Quest,Dungeon Delving (Korir),Fort Fellhammer
Dungeon Delving (Korir) (Radiant 3/10),Side Quest,Dungeon Delving (Korir),Hela's Folly
Dungeon Delving (Korir) (Radiant 4/10),Side Quest,Dungeon Delving (Korir),Hob's Fall Cave
Dungeon Delving (Korir) (Radiant 5/10),Side Quest,Dungeon Delving (Korir),Ironbind Barrow
Dungeon Delving (Korir) (Radiant 6/10),Side Quest,Dungeon Delving (Korir),Wreck of The Pride of Tel Vos
Dungeon Delving (Korir) (Radiant 7/10),Side Quest,Dungeon Delving (Korir),Saarthal
Dungeon Delving (Korir) (Radiant 8/10),Side Quest,Dungeon Delving (Korir),Snow Veil Sanctum
Dungeon Delving (Korir) (Radiant 9/10),Side Quest,Dungeon Delving (Korir),Yngol Barrow
Dungeon Delving (Korir) (Radiant 10/10),Side Quest,Dungeon Delving (Korir),Yngvild
Kill the Bandit Leader (Ahtar),Side Quest,none,Solitude.Broken Oar Grotto
Kill the Bandit Leader (Annekke Crag-Jumper),Side Quest,none,Darkwater Crossing
Kill the Bandit Leader (Annekke Crag-Jumper) (Radiant 1/5),Side Quest,Kill the Bandit Leader (Annekke Crag-Jumper),Cragslane Cavern
Kill the Bandit Leader (Annekke Crag-Jumper) (Radiant 2/5),Side Quest,Kill the Bandit Leader (Annekke Crag-Jumper),Gallows Rock
Kill the Bandit Leader (Annekke Crag-Jumper) (Radiant 3/5),Side Quest,Kill the Bandit Leader (Annekke Crag-Jumper),Lost Knife Hideout
Kill the Bandit Leader (Annekke Crag-Jumper) (Radiant 4/5),Side Quest,Kill the Bandit Leader (Annekke Crag-Jumper),Stony Creek Cave
Kill the Bandit Leader (Annekke Crag-Jumper) (Radiant 5/5),Side Quest,Kill the Bandit Leader (Annekke Crag-Jumper),Uttering Hills Cave
Kill the Bandit Leader (Brunwulf Free-Winter),Side Quest,none,Windhelm
Kill the Bandit Leader (Brunwulf Free-Winter) (Radiant 1/5),Side Quest,Kill the Bandit Leader (Brunwulf Free-Winter),Cragslane Cavern
Kill the Bandit Leader (Brunwulf Free-Winter) (Radiant 2/5),Side Quest,Kill the Bandit Leader (Brunwulf Free-Winter),Gallows Rock
Kill the Bandit Leader (Brunwulf Free-Winter) (Radiant 3/5),Side Quest,Kill the Bandit Leader (Brunwulf Free-Winter),Lost Knife Hideout
Kill the Bandit Leader (Brunwulf Free-Winter) (Radiant 4/5),Side Quest,Kill the Bandit Leader (Brunwulf Free-Winter),Stony Creek Cave
Kill the Bandit Leader (Brunwulf Free-Winter) (Radiant 5/5),Side Quest,Kill the Bandit Leader (Brunwulf Free-Winter),Uttering Hills Cave
Kill the Bandit Leader (Siddgeir),Side Quest,none,Falkreath
Kill the Bandit Leader (Siddgeir) (Radiant 1/5),Side Quest,Kill the Bandit Leader (Siddgeir),Bilegulch Mine
Kill the Bandit Leader (Siddgeir) (Radiant 2/5),Side Quest,Kill the Bandit Leader (Siddgeir),Cracked Tusk Keep
Kill the Bandit Leader (Siddgeir) (Radiant 3/5),Side Quest,Kill the Bandit Leader (Siddgeir),Embershard Mine
Kill the Bandit Leader (Siddgeir) (Radiant 4/5),Side Quest,Kill the Bandit Leader (Siddgeir),Knifepoint Ridge
Kill the Bandit Leader (Siddgeir) (Radiant 5/5),Side Quest,Kill the Bandit Leader (Siddgeir),Bannermist Tower
Kill the Giant,Side Quest,Waking Nightmare,Dawnstar
Kill the Giant (Radiant 1/3),Side Quest,Kill the Giant,Blizzard Rest
Kill the Giant (Radiant 2/3),Side Quest,Kill the Giant,Red Road Pass
Kill the Giant (Radiant 3/3),Side Quest,Kill the Giant,Tumble Arch Pass
Kill the Forsworn Leader,Side Quest,none,Markarth
Kill the Forsworn Leader (Radiant 1/8),Side Quest,Kill the Forsworn Leader,Broken Tower Redoubt
Kill the Forsworn Leader (Radiant 2/8),Side Quest,Kill the Forsworn Leader,Bruca's Leap Redoubt
Kill the Forsworn Leader (Radiant 3/8),Side Quest,Kill the Forsworn Leader,Deepwood Redoubt
Kill the Forsworn Leader (Radiant 4/8),Side Quest,Kill the Forsworn Leader,Dragon Bridge Overlook
Kill the Forsworn Leader (Radiant 5/8),Side Quest,Kill the Forsworn Leader,Druadach Redoubt
Kill the Forsworn Leader (Radiant 6/8),Side Quest,Kill the Forsworn Leader,Hag Rock Redoubt
Kill the Forsworn Leader (Radiant 7/8),Side Quest,Kill the Forsworn Leader,Red Eagle Redoubt
Kill the Forsworn Leader (Radiant 8/8),Side Quest,Kill the Forsworn Leader,Serpent's Bluff Redoubt
Carriage (Radiant 1/1),Carriage,none,Markarth.Riften.Solitude.Whiterun.Windhelm.Dawnstar.Falkreath.Morthal.Winterhold